key	status	motion	controls	idea	note
aaltoilu	now	cycle	phase,amp	Etenevä aalto kulkee koko piirroksen läpi; pidä aallonpituus samana.	Phase käyttää radiaaneja: yksi kierros 0–2π. Hyvä ensimmäinen 24 ruudun koe.
adsr	utility	pulse	a,d,s,r	Rakentaa ilmesty–viivy–poistu-liikkeen esimerkiksi Carven päätepisteelle.	Alku- ja loppuarvojen lisäksi tarkista nopeuden sauma; pehmeä cosine on yksinkertaisempi hengitys.
aggregate	careful	stepped	iters	Rakenne kasvaa pala palalta ja purkautuu samaa reittiä takaisin.	Pidä moduuli ja Seed samoina. Kasvu on diskreetti; puoli luupista eteen, puoli takaisin ilman pääteruutujen tuplaamista.
align	utility	pipeline		Kohdista lähtöpiirros ennen animointia.	Älä keskitä elävää rajauslaatikkoa joka ruudussa: se voi kumota liikkeen tai siirtää kuvaa.
antenna	extend	pulse	tilt,wonk	Nykyinen Tilt voi keinuttaa antennien puomeja pienellä liikkeellä.	Lisäys: Wind phase ja amplitude, jotka taivuttavat samoja mastoja ja kaapeleita; älä animoi mastojen lukumäärää tai satunnaissiementä.
arc_mounds	careful	pulse	fullness,bodyCurves	Single-muoto hengittää ja pehmenee; Rolls näyttää hitaasti liikkuvalta keholta.	Aloita yhdestä muodosta. Fieldin peittyminen ja rivien sijoittelu voivat muuttua; lisäys: lukittu sijoittelu ja yhteinen Body phase.
array	now	pulse	dx,dy,drot	Kopioiden välimatka avautuu ja sulkeutuu, tai koko jono kiertyy viuhkaksi.	Pidä Copies vakiona. Valitse liikevara ennen monistusta, jotta uloimmat kopiot pysyvät paperilla.
arvo	utility	pipeline	v	Yhteinen perusarvo, johon Math lisää luupin liikkeen.	Value ei itsessään ole kello; käytä Frame/LFO-ohjausta.
asciiart	careful	stepped	gamma,thresh	Kuva muuttuu vaaleasta merkkikentästä tiheäksi ja takaisin, tai liikkuva piirros muuttuu ASCIIksi.	Pidä Columns ja ruudukko vakiona. Merkin vaihto tapahtuu portaittain; 24 ruutua sopii tarkoituksellisen nykivään ilmeeseen.
asteroids	extend	pipeline		Nykyisen asteroidikentän voi kiertää Rotate-nodella.	Lisäys: jokaiselle asteroidille pysyvä tunniste, kiertorata ja spin phase sekä laivan suljettu rata. Seed-vaihtelu vain räpyttelee kenttää.
attractor	careful	pulse	a,b	Pieni parametrikierros muuttaa kaoottisen kuvion muotoa ja palauttaa sen alkuun.	Viereiset kuvat voivat silti poiketa rajusti, ja automaattinen sovitus voi pumpata mittakaavaa. Aloita pienestä amplitudista; lukittu kamera olisi tärkeä lisäys.
barcode	extend	pipeline		Kiinteä viivakoodi liikkuu Crop-ikkunan takana edestakaisin.	Lisäys: jokaisen palkin korkeus ja vaihe, pysyvä palkkimäärä. Leveys- ja välisäätö voivat muuttaa loppupään palkkeja.
belt	extend	pipeline		Kiinteän hihnan päällä kulkeva viivamerkki tekisi mekanismista luettavan.	Lisäys: Belt phase ja liikkuvat merkit sekä hihnapyörien puolakulma. Nykyinen noden Loop tarkoittaa suljettua hihnaa, ei animaatiota.
bg_fill	careful	pulse	poleDist,foldDepth,foldP	Magnet-tilan navat lähestyvät ja erkanevat; Drape tai Pleat hengittää taitossyvyyttä muuttamalla.	Pidä tila ja viivatiheys samoina. Vaihtuva rajaus voi katkaista viivoja. Jatkossa moduulikohtainen Noise/Flow phase.
bitcrush	careful	stepped	depth	Piirros kvantisoituu kulmikkaaksi ja palaa takaisin.	Tahallisesti portaittain muuttuva efekti. Pidä Sample rate vakiona, jos haluat erottaa ruudukkoon napsahduksen uudelleennäytteistyksestä.
blobmesh	now	pulse	bX2,bY2,bZ2,bR2	Manual-tilassa yksi metaballi kiertää tai hengittää muun pehmeän massan sisällä.	Pidä pallojen määrä ja mesh-resoluutio vakiona. Piirrettävä tulos tulee Mesh Slice -ketjusta tai noden polku-ulostulosta; kuvan sovitus on lukittava.
blobrings	careful	pulse	elong,angle	Samat rengasmuodot venyvät ja kallistuvat vuorotellen.	Sijoittelun törmäystarkistus ja vaihtuva rengasmäärä voivat aiheuttaa hyppyjä. Lisäys: jäädytetyt keskukset ja kiinteät rengastunnisteet.
bluesprig	extend	pipeline		Valmis mustikanvarpu keinuu Lens/Wave- tai Rotate-ketjun avulla.	Lisäys: oksakohtainen tuulivaihe ja marjojen heilunta. Älä vaihda lehti–marja-valintaa joka ruudussa.
braille	careful	pulse	dotR	Pisteet hengittävät paikallaan tai koko tekstirivi liukuu edestakaisin.	Säilytä merkkien paikat ja teksti. Taiteellinen animaatio ei ole pistekirjoituksen luettavuustesti; reikien puhkominen ei ole tarpeen.
bridges	careful	pulse	trim	Yhdysviivat kasvavat pisteistä toisiinsa ja vetäytyvät takaisin.	Lukitse lähdepisteet ja Rule. K-nearest/Delaunay-verkon topologia voi vaihtua liikkuvilla pisteillä; Source order on ennakoitavin.
broken_grid	careful	pulse	gap,shift	Saman ruudukon viivat lyhenevät ja siirtyvät, jolloin pinta avautuu ja sulkeutuu.	Pidä Cell, Density ja Seed vakiona. Alueiden threshold-vaihtelu muuttaa viivojen olemassaoloa portaittain.
brush_z	careful	cycle	phase	Siveltimen paineaalto kulkee samaa viivaa pitkin.	Vain oikeaa Z-painetta tukeva kone ja etukäteen testattu painealue. SVG/DXF ei välitä tätä fyysistä paineanimaatiota; tavallisella kynällä käytä oikeaa viivageometriaa.
burr_cluster	extend	pulse	spikeLen,seam	Pysyvä piikkimassa avaa saumojaan ja pidentää piikkejään.	Lisäys: lobe-kohtainen hengitys kiinteillä keskuksilla. Vähennä täyttöjä 48 ruudun koetta varten.
cables	extend	pipeline		Sama kaapelinippu aaltoilee ulkoisella Wave-modifierilla.	Lisäys: suljettu noise phase kaapeleiden ohjauskenttään. Waviness muuttaa integroitua reittiä, joten pieni säätö ei takaa pientä liikettä.
cagedipole	now	pulse	yaw,pitch	Antennirivistö tekee rauhallisen kamerakäännöksen.	Edestakainen pieni Yaw on hyvä alku. Täysi kierros vaatii sovituksen tarkistuksen, jotta koko ei pumppaa eri kuvakulmissa.
cagewarp	now	pulse	amount	Sama häkkimuodonmuutos hengittää nollasta maksimiin ja takaisin.	Pidä Seed ja Cage cells vakiona; Pin edges säilyttää paperin reunat. Hyvä yleismuunnos monille staattisille nodeille.
calib_sheet	utility	pipeline		Piirrä yksi kalibrointiarkki ennen pitkää animaatioerää.	Pidä mitat ja alku/loppuristit samoina. Tätä ei kannata muuttaa animaatiokuvaksi: sen tehtävä on paljastaa mitta- ja kohdistusvirhe.
cardsheet	utility	pipeline		Asettelee valmiita sisältöjä pienille korteille.	Animaatioruudut kannattaa ensisijaisesti asetella Frame Gridillä; Card Sheet ei yksin kerää eri aikapisteitä.
carve	now	pulse	t0,t1	Piirros kirjoittuu esiin ja pyyhkiytyy samaa viivaa takaisin.	End t 0→1 on kertaluonteinen paljastus. Luuppiin käytä hengitystä tai suljetun polun kiertävää ikkunaa; avoimen polun sauma tarvitsee erillisen ratkaisun.
caustics	extend	pulse	thresh,focus	Nykyisin valojuovat tihenevät ja harvenevat kynnystä muuttamalla.	Lisäys: periodinen vedenpinnan vaihe. Seed-vaihto ei tuota ajallisesti jatkuvaa vettä; kontuurien syntymistä ja katoamista on silti odotettavissa.
cellular_mosaic	now	pulse	shatter	Sama ruudukkoon leikattu piirros hajoaa ja kokoontuu takaisin.	Pidä Scale ja Seed vakiona, jotta fragmentit säilyttävät identiteettinsä.
chain	now	cycle	spin	Ketjun lenkit pyörivät omien tasojensa ympäri, jolloin yli/ali-suhteet vaihtuvat.	Pidä Links ja hatching spacing vakiona. Tarkista occlusion-rajojen ajallinen vakaus; 48 ruutua sopii paremmin täyteen kierrokseen.
chipdie	extend	pipeline		Kiinteä mikropiiri paljastuu Carvella tai liikkuvalla Crop-ikkunalla.	Lisäys: Pulse phase johdinverkkoon ja paljastus lohkoittain. Tiheyden animointi arpoo rakenteen uudelleen.
chop	extend	pipeline		Pätkitty vakiorakenne voi liikkua muun animaation mukana.	Lisäys: Chop offset mm, jolla katkos- ja värijako virtaa pitkin samaa polkua. Lengthin muutos vaihtaa pätkien lukumäärää.
chrono	careful	cycle	phase	Walk- tai Run-liikkeestä yhden hahmon askelluuppi, Animate → Single instant.	Varmista kävelysyklin päätepisteiden vastaavuus. Hypyt ja kuperkeikka ovat lähtökohtaisesti tapahtumia; niihin paluu tai erillinen lepojakso.
circpack	extend	pipeline		Piirrä kiinteä pakkaus ja hengitä sitä jälkimuunnoksella.	Lisäys: hyväksyttyjen ympyröiden säteet moduloituvat pysyvissä keskuksissa. Min/Max radius tai Seed voi uusia koko pakkauksen.
circuit	extend	pipeline		Carve paljastaa kiinteän johtoverkon ja vetäytyy takaisin.	Lisäys: signaalipulssi polun pituuskoordinaatissa. Pidä Blocks, Traces ja Seed samoina.
clockface	now	cycle	rot	Kellotaulun kuviot kiertävät yhden täyden kierroksen.	12 samanlaisen merkin symmetria voi näyttää paikallaan pysyvältä; tee yhdestä sektorista erottuva tai käytä pientä edestakaista Keystone-liikettä.
clouds	extend	pipeline		Pilvikerros kelluu hitaasti vasen–oikea-liikkeellä.	Lisäys: pysyvät pilvitunnisteet, suljettu vaellus ja lohkojen hengitys; koon vaihto voi muuttaa päällekkäisyyttä ja sijoittelua.
cmyk_registration	careful	pulse	misreg	Värilliset kohdistuskuviot erkanevat ja palaavat päällekkäin.	Nämä ovat teoksen sisältöä. Lisää ulkopuolelle erilliset liikkumattomat Reg Marks -kohdistusmerkit. Monivärisyys kasvattaa kynänvaihtotyötä.
coil	now	pulse	radius	Viivan ympärille kierretty jousi supistuu ja pullistuu.	Pidä Pitch vakiona. Lisäys myöhemmin: vaihe liu'uttaa kieppejä pitkin emopolun pituutta.
collect_frames	utility	pipeline	count	Jakaa lyhyen animaation ruudut erillisiksi ulostuloiksi.	Nykyinen enimmäismäärä on 16; 24–48 ruudun kokonaistyöhön käytä Frame Grid Animatea, jonka Total ulottuu 64:ään.
color_mesh	careful	cycle	light	Valo kiertää taitetun paperipinnan ympäri ja hatch-varjot liikkuvat.	Pidä Facets, Relief ja Seed vakiona. Varjostuksen viivamäärä vaihtuu portaittain; 48 ruutua ja harvempi hatch helpottavat koetta.
colour_scribble	careful	pulse	curve,spread	Sama värisuttu hengittää ja kaareutuu.	Pidä Bundles, Lines per bundle ja Seed samoina; keskity ensin Arcs-tilaan. Koko piirroksen automaattinen sovitus voi peittää levittäytymisen.
comets	now	pulse	curve,tailLen	Komeettojen pyrstöt taipuvat ja pitenevät samaan tahtiin.	Pidä Count, Tail lines ja Seed samoina. Auringon suunnan täysi kierros vaatii reunavaran ja sovituksen tarkistuksen.
concrete	now	cycle	phase,amount,distance	Valmiit Motion-tilat: Wave, Orbit, Row squeeze, Shift ja Zoom In & out.	Timeline käyttää jo i/N-aikaa. Shift ja Zoom kasvavat kokonaisin kirjaimin; Zoom in/out sekä Typewriter tarvitsevat harkitun uudelleenkäynnistyksen.
conformal	careful	pulse	exponent	Power z^n -tilan verkko taipuu edestakaisin pienellä eksponenttimuutoksella.	Pysy erossa singulaarisista asetuksista. Viivojen leikkautuminen ja alitasojen kynnys voivat aiheuttaa välkkymistä; kytke labelit pois taidekokeessa.
container	now	pulse	cx,cy,cr,rot	Liikkuva ikkuna paljastaa piirroksen; ympyrä hengittää tai kolmio pyörii.	Kohdistusmerkit lisätään Containerin jälkeen. Wired region -tilassa animoi rajaavaa muotoa; Keep-pudotusvalikkoa ei voi liukua numero-ohjauksella.
contour_field	extend	pulse	rough	Kiinteät korkeusarvot pehmenevät ja terävöityvät Roughnessilla.	Lisäys: periodisesti muuttuva korkeuskoordinaatti. Noden Seed-ohjevinkki tuottaa kiehumista, ei pehmeää luuppia; pidä Seed vakiona.
conway	careful	stepped	gens	Elämänpeli kasvaa ja peruuttaa samaa kehitystä takaisin.	24–48 sukupolvea ei yleensä muodosta luonnollista luuppia. Vaihtoehto: löydä oskillaattori, jonka jakso jakaa ruutumäärän.
copypoints	now	pulse	scale,rjit	Pysyviin pisteisiin kopioidut motiivit kasvavat ja kallistuvat.	Pidä pisteet, Spacing ja Probability vakiona. Lisäys: Phase lag per instance aaltomaiseen liikkeeseen.
coral	careful	pulse	width	Korallin harjanteet levenevät ja kapenevat samassa kentässä.	Pidä Density, Growth ja Seed vakiona; Growth voi vaatia raskaan uudelleensimuloinnin. Lisäys: kentän periodinen vaihe vakaalla topologialla.
cracked_paint	careful	pulse	widthMax,curl	Samat halkeamat avautuvat ja sulkeutuvat.	Pidä Flake size, Chips ja Seed samoina. Täyttöviivat voivat syntyä portaittain; pienessä koeruudussa vältä täyttä mustaa jokaisessa ruudussa.
crop	now	pulse	x,y,w,h	Suorakulmainen ikkuna pyyhkii valmista piirrosta tai hengittää sen ympärillä.	Rajauksen ulkopuolinen sisältö oikeasti katoaa. Lisää kohdistusmerkit tämän jälkeen ja pidä paperin koko vakiona.
crossstitch	careful	pipeline		Ristipistoteksti paljastuu vähitellen Carve- tai Crop-ketjulla.	Pidä reikäruudukko vakiona. Valitse Stitches-ulostulo taidekehykseksi; Holes on valmistusapua, ei pakollinen osa animaatiota.
ctrl	extend	pipeline		Ohjaimella voi suunnitella liikeradan käsin.	Lisäys: tallenna kanavat keyframeiksi, sulje ja interpoloi luuppi. Live-input ei nykyisin takaa saman liikkeen toistoa kehysviennissä.
cull	careful	stepped	keep	Kiinteät viivat ilmestyvät ja katoavat pysyvässä satunnaisjärjestyksessä.	Seed vakiona. Tämä on diskreetti dissolve, ei pehmeä siirtymä; Every Nth -vaihtelu vaihtaa suuren osan poluista kerralla.
cycloidm	careful	pulse	phase	Piirtokoneen lähtövaihe muuttaa viivakukkaa.	Pidä kampisuhteet samoina ja testaa pienellä Phase-välillä. Epäkokonaislukuiset nopeussuhteet ja pöydän kierto eivät automaattisesti sulkeudu yhden 2π-vaiheen jälkeen.
datachart	extend	pipeline		Valmis kaavio voidaan paljastaa Carvella.	Lisäys: numeeristen datasarjojen keyframe-interpolointi yhteisellä lukitulla akseliskaalalla. Nykyinen Data-teksti ei ole animoitava value-parametri.
dazzle	extend	pipeline		Kiinteä naamiointipinta aaltoilee Wave-ketjun kautta.	Lisäys: viivoituksen Phase/Angle pysyville alueille; Patches/Seed-vaihdos rikkoo ajallisen jatkuvuuden.
delaunay	careful	pipeline		Liikkuvat lähdepisteet saavat kolmioverkon vaihtamaan yhteyksiä.	Reunanvaihdot ovat luonteeltaan diskreettejä. Pisteiden määrä vakiona; pehmeään venytykseen kolmioi ensin ja deformoi vasta valmis verkko.
diagram	extend	pulse	nodeSize	Kaavion ympyrät hengittävät, kun verkon rakenne pysyy samana.	Lisäys: nuolia pitkin kulkeva signaali. Nodet ja nuolien reititys jäädytetään, jotta liikkuva koko ei arvo yhteyksiä uusiksi.
dice_pips	careful	stepped	value	Noppa käy läpi 1–6 ja palaa alkuun tai vaihtaa lukua rytmisesti.	Diskreetti tilasarja, ei morphaus. Pip size voi hengittää samalla luvulla; kuusivaiheinen sykli jakaa 24 ja 48 ruutua tasan.
diffgrowth	careful	stepped	iters	Suljettu viiva kasvaa koralliksi ja kutistuu takaisin.	Pidä alkusiemen ja kaikki voimat vakiona. Pisteiden lisäykset ovat diskreettejä; 48 ruutua ja rajattu iteraatioväli.
diffpens	utility	pipeline		Korostaa animoidun ja lähtöpiirroksen eroa eri kynällä.	Exact voi tulkita koko siirtyneen piirroksen uudeksi. Distance-kynnyskin voi räpsyä; ei varsinainen ajallinen motion tracker.
displaceimg	now	pulse	amount	Kiinteä kuva nostaa ja laskee viivakentän kasvonpiirteitä tai tekstuuria.	Sama kuva, näytetiheys ja suunta koko erässä. Hyvä 48 ruudun valokuvareliefi yhdessä Gridin kanssa.
double_pendulum	careful	stepped	time	Heilurin piirtämä jälki rakentuu ja purkautuu.	Kaoottinen liikerata ei yleensä sulkeudu. Käytä valmis jälki + Carve edestakaisin; fyysistä heiluria esittävään liikkeeseen tarvitaan erillinen toistuva jakso.
drape	careful	pulse	yaw,pitch	Kangas kallistuu hitaasti piilossa olevien kappaleiden yllä.	Älä muuta Shapes/Count/Density kesken luupin. Korkeuden ja jännityksen muutokset voivat uusia ratkaisun; lukittu kameraskaala olisi hyödyllinen.
duga	now	pulse	yaw,pitch	Tutkaverkko paljastaa syvyytensä pienessä kamerakeinunnassa.	Light-detail ensin, täysi ristikkorakenne voi olla hidas piirtää. Tarkista automaattinen sovitus; ei tarvitse kokonaista 360° kierrosta.
echo	now	pulse	rot,dx,dy,scale	Kopioiden muodostama kaiku kiertyy ja purkautuu.	Copies vakiona. Canvas center pitää pivotin vakaana; Path centroid voi muuttua liikkuvan lähdekuvan mukana.
empty_fill	careful	pulse	angle,gap	Viivoitus kiertää staattisia aukkoja tai aukkojen ympärille jäävä väli hengittää.	Contour-tilassa viivojen määrä voi vaihtua. Älä muuta Spacingia jatkuvasti, jos tavoitteena on rauhallinen viivakenttä.
endcaps	now	pulse	size	Nuolenkärjet tai ympyräpäätteet sykkivät liikkuvien viivojen päissä.	Pidä Where ja Style samoina; katkottu lähde voi muuttaa päätteiden lukumäärää.
eraser	now	pulse	cx,cy,cr	Tyhjä ympyrä kulkee piirroksessa ja paljastaa takaisin saman sisällön.	Merkit lisätään Eraserin jälkeen. Pidä muoto samana ja vältä huomaamatonta reunaleikkausta.
explosion	now	pulse	strength	Kuvion osat räjähtävät erilleen ja kokoontuvat alkuperäisille paikoilleen.	Seed vakiona ja zone tarpeeksi laaja; samaan tahtiin vaihtuva zone voi ottaa uusia osia mukaan hyppäyksellä.
fabric	extend	pulse	depth,sag	Kangas hengittää taitossyvyyttä ja riippumaa muuttamalla.	Flag-nimi ei tarkoita sisäistä animaatiokelloa. Lisäys: Wave phase, joka kuljettaa aaltoa kudoksen läpi samalla ruudukolla.
fadeout	careful	pulse	fade,lift	Siveltimen häivytyksen pituus kasvaa ja lyhenee saman viivan päissä.	Fyysinen Z-liike vaatii soveltuvan koneen; 2D-SVG ei esitä samaa musteen ehtymistä. Aloita pienellä koeruudulla.
fan	utility	pipeline	base,step	Jakaa saman liikkeen useille parametreille eri perusarvoilla.	Fan ei yksin tee ajallista vaiheviivettä. Viiveelliset liikkeet tarvitsevat useita LFOita eri Phase-asetuksilla tai tulevan Loop-ohjaimen.
fingerprint	extend	pipeline		Valmista sormenjälkikuviota voi deformoida Cage Warpilla.	Lisäys: kiinteät keskukset ja periodinen kenttäkoordinaatti. Ring gap ja Seed muuttavat harjanteiden rakennetta, eivät siirrä samaa harjannetta jatkuvasti.
fish	extend	pulse	heading	Nykyisin kiinteä kalaparvi voi kallistua Headingilla.	Lisäys: Tail phase, vartalon taipuminen ja yksilökohtainen viive pysyviin kaloihin. Kokonaisuuden kierto ei vielä näytä uimiselta.
fit_canvas	utility	pipeline		Sovittaa lähtökuvan ennen animaation muodostamista.	Nykyinen sovitus perustuu kunkin ruudun rajauslaatikkoon. Ehdotus: yhteinen bounds koko 24–48 ruudun sarjasta tai lukittu canvas-mapping.
flash_distort	now	pulse	shift	Samat kaistaleet liukuvat eri suuntiin ja palaavat ehjäksi kuvaksi.	Pidä Segments, Width mode ja Seed vakiona; seuraa reunaleikkausta.
flow	extend	pulse	curl	Pienellä Curl-muutoksella virtauskuvio elää, mutta viivat voivat muuttaa reittiään paljon.	Lisäys: periodinen kentän Phase ja pysyvät lähtöpisteet. Suljettu 3D/4D-noise-rata antaa hallitumman virtauksen kuin siementen vaihtelu.
flow_traces	extend	pipeline		Piirrä reittikartta kerran ja paljasta sitä Carvella.	Lisäys: jälkiä pitkin kulkevat pulssit. Flow angle/Swirl voi muuttaa diskreetin reitinhaun valintoja ja koko karttaa.
fmrose	now	pulse	index,depth	FM-kukka avautuu ja sulkeutuu muuttamatta terälehtien kantataajuuksia.	Pidä fc, fm ja Rings vakiona. Rotate sopii toiseen liikeakseliin, mutta symmetria voi tehdä pyörimisestä huomaamatonta.
fold	now	pulse	gain	Piirros taittuu ikkunan sisään ja suoristuu jälleen.	Taitereuna aiheuttaa suunnanvaihdoksia tarkoituksella. Pidä Window ja näytetiheys vakiona; 48 ruutua auttaa seuraamaan liikettä.
followlines	careful	pulse	drift,wave	Viivanippu hengittää ja kaartuu.	Iteratiiviset offsetit voivat kasaannuttaa pienenkin muutoksen. Pidä Count ja Step vakiona; lisäys: yhteinen jatkuva drift phase.
fourier	careful	stepped	harm	Yksinkertainen ellipsi muuttuu alkuperäiseksi ääriviivaksi ja takaisin.	Harmonics pyöristyy kokonaisluvuksi. Lisäys: viimeisen harmonisen painon jatkuva interpolointi, jolloin yksityiskohta tulee esiin pehmeästi.
frame	utility	cycle		Yhteinen aikakello kaikille 24–48 ruudun luupeille.	wave loop ja rot ° käyttävät i/N:ää; t käyttää i/(N−1). Lisää erillinen Loop phase 0–1 muuttamatta vanhaa t-ulostuloa.
frame_grid	utility	pipeline	total	Kerää 24 tai 48 eri ruutua numeroiduiksi plotteriarkeiksi.	Animate + Map canvas, Total 24/48. 4×3: 2/4 arkkia; 3×2: 4/8 arkkia. Ulompi ANIMATE Frames = arkkimäärä. Älä käytä Fit each -skaalausta.
frame_split	utility	stepped	count	Jakaa yhden piirroksen valmiisiin paljastus- tai viivaikkunavaiheisiin.	Ei arvioi koko nodeverkkoa uusilla ajanhetkillä. Build-up ei sulkeudu itsestään; kokoa paluusarja tai käytä animoitua Carvea.
fray	careful	pulse	drift,waveAmp	Langanpäät heiluvat samojen kiinnityskohtien ympärillä.	Pidä Spacing, Seed ja thread-valinnat vakiona. Crossings None -haun valinnat voivat muuttua; Allowed on ajallisesti ennakoitavampi.
fresnel	now	pulse	strength,cx,cy	Liikkuva tai hengittävä linssi taittaa viivapintaa.	Vyöhykerajat tekevät tarkoituksellisia loikkia. Radius/Zone width vakiona, jos haluat seurata samoja renkaita.
fruits	extend	pipeline		Valmis hedelmäasetelma voidaan hengittää ulkoisella Lens-muunnoksella.	Lisäys: hedelmien kierto ja halkaistun/ehjän tilan morphaus pysyvällä sijoittelulla. Cut ja Kind ovat diskreettejä valintoja.
fur	now	pulse	length,angJit	Samat karvat pitenevät ja painuvat alas.	Spacing ja Seed vakiona. Lisäys: yhteinen tuulensuunta ja vaihe, koska Angle jitter vain kasvattaa satunnaista poikkeamaa.
galaxy	careful	cycle	yaw	Galaksin syvyys näkyy hitaassa kamerakierrossa.	Stars, Arm count ja Seed vakiona. Yaw ei ole tähtien kiertoa galaksin sisällä; siihen oma Orbital phase. Tarkista kameraan sopimisen vakaus.
gcode_in	utility	pipeline	offx,offy	Tuo aiemman työn polut lähteeksi, jonka voi animoida muilla nodeilla.	Pidä True scale ja sama tiedosto. Konekomentoja ei pidä tulkita animaatio-ohjaukseksi; Z-tieto säilyy vain sitä tukevassa ketjussa.
girih	now	pulse	angle	Tähtiverkko aukeaa ja sulkeutuu kontaktikulmaa muuttamalla.	Tiling ja Cell vakiona. Aloita pienestä kulmavälistä, jossa leikkauspisteet pysyvät kelvollisina.
glitch	careful	pulse	amp	Sama häiriökuvio voimistuu ja poistuu.	Amount, Skip ja Seed vakiona; muutoin katkosten määrä muuttuu. Harkittu säröefekti, ei pehmeä luonnonliike.
glitch3d	careful	pulse	drift,relief	Korruptoitunut paperipinta nousee kolmiulotteiseksi ja laskeutuu.	Pidä Bands ja Seed vakiona. Kameran sovitus ja kaistaleiden rajat voivat näkyä hyppyinä.
glitch_loom	careful	pulse	shift	Samat kuderivit siirtyvät ja kokoontuvat.	Pitch, Fray-valinnat ja Seed vakiona. Reunat leikkautuvat; pidä liikevaraa.
glyphtone	careful	stepped	gamma	Sama halftone-ruudukko vaihtaa symboleja sävyjen muuttuessa.	Glyph-vaihdot ovat diskreettejä. Pidä Cell, Jitter ja Seed samoina; Source Image pysyy samana koko sarjassa.
granulate	now	pulse	jitter,rotate	Viivanpalat erkanevat ja kiertyvät, sitten palautuvat.	Grain, Density ja Seed vakiona säilyttävät samat fragmentit. Iso Rotation voi sotkea luettavuuden.
gravity	careful	pulse	progress	Ruudukon palat putoavat ja nousevat takaisin paikoilleen.	Pysyvä Release, stamp-määrä ja Seed. Fyysisesti taaksepäin nouseva putoaminen on tietoinen ping-pong-ilme, ei itsestään toistuva simulaatio.
gravity_cascade	careful	pipeline		Valmiit painovoimajäljet kirjoittuvat esiin Carven kautta.	Pull ja Damping muuttavat kaoottista integraatiota. Lisäys: liikkuva hiukkanen välimuistiin tallennetulla suljetulla radalla.
grid	now	pipeline		Pidä ruudukko vakiona ja liitä perään Wave, Lens tai Cage Warp.	Älä animoi viivojen lukumääriä pehmeässä luupissa. Harva ruudukko on erinomainen ensimmäinen plotterikoe.
grid_hairs	now	pulse	angle,bend	Jokaisen solun karvat kallistuvat kuin tuulessa.	Cell width/height, Lines per cell ja Seed vakiona. Yhteinen angle toimii jo; solukohtainen Wind phase olisi luonteva lisäys.
growth	careful	stepped	iters	Orgaaninen silmukka kasvaa ja vetäytyy takaisin.	Pidä voimat, Seed ja rajat samoina. Simulointikustannus kertautuu ruutuihin; valmis kasvuvälimuisti parantaisi käyttöä.
gull_tracks	extend	pipeline		Kiinteä jalanjälkijono ilmestyy järjestyksessä.	Lisäys: Reveal per footprint ja askelvaihe. Stepsin muutos voi uusia reittiä; paljastus valmiin jonon päällä on vakaampi.
gyroid	careful	cycle	ry	Kolmiulotteinen gyroidi pyörii, tai Iso hengittää pienellä välillä.	Pidä Cells, Slices ja Detail samoina. Sulkeutuminen ja piiloviivaleikkaukset tarkistetaan; 48 ruutua ja harva läpileikkaus ensimmäiseen kokeeseen.
hairs	now	pulse	angle,droop	Fixed angle -karvakenttä kallistuu ja nousee.	Count, Seed ja Region vakiona. Flow-tilaan tarvittaisiin erillinen ajallinen kenttävaihe.
hairweb	careful	pulse	bulge,scurve	Sama lankaverkko pullistuu ja vääntyy.	Anchors, Strands ja Seed vakiona. Aloita muutamasta sadasta langasta; tuhannet viivat jokaisessa 48 ruudussa ovat raskas paperityö.
halftone	careful	pulse	dotR	Saman pistetekstuurin pisteet hengittävät.	Cell, Scale ja Seed vakiona. Max K on diskreetti; älä muuta sitä pehmeässä kokeessa.
handdrawn	careful	pulse	wobble,tremor	Sama piirros muuttuu tarkasta käsin piirretyn näköiseksi ja takaisin.	Seed vakiona. Jos lähteen näytepisteet muuttuvat, kohinan kohdistus voi välkkyä; lisää myöhemmin ajallinen noise phase.
hands	extend	pulse	wrist,spread,elbow	Käsi heiluttaa rannetta ja avaa sormiaan.	Pose on pudotusvalikko. Lisäys: anatomisten posejen interpolointi ja sormikohtainen Curl. Pidä käsien määrä ja sijoittelu vakiona.
harmonograph	careful	pulse	mix	Kahden heilurin jälkien sekoitus hengittää.	Taajuudet, Detune, Duration ja näytteet vakiona. Lisäys: lähtövaiheet, joilla voi kiertää parametria periodisesti muuttamatta kestoa.
hatch	careful	pulse	angle	Viivoituksen suunta keinuu saman suljetun muodon sisällä.	Viivojen määrä ja reunapisteet muuttuvat. Pidä Spacing vakiona; tarkista vähintään lyhyt esikatselu, koska hatch voi välkkyä ohuiden kynien kanssa.
hersheytext	now	pulse	px,py,size	Teksti liukuu tai hengittää koossa.	Pidä teksti ja rivijako vakiona. Kirjainkohtaisiin liikkeisiin Concrete Poetry on parempi pohja.
himmeli	now	pulse	yaw,pitch	Himmeli heiluu kuin katosta riippuva koriste.	Kiinteä Model/Complexity. Täyteen kierrokseen 48 ruutua ja yhteinen kameraskaala; pieni keinunta sopii 24 ruutuun.
hyperbolic_truchet	extend	pulse	curvature	Truchet-renkaiden väli pakkautuu keskelle ja avautuu takaisin.	Rings, Segments ja Seed vakiona. Lisäys: saumaton kehäkierto ja tile-tunnisteet; kaarien suuntien vaihtaminen olisi erillinen diskreetti moodi.
image	careful	pulse	ramsDepth,strength	Rams contour -valokuvan reliefi hengittää; vaihtoehtona animoitu sininen Drawing-input muuttuu pisteiksi tai palikoiksi.	Pidä Cell, kuva ja piirtoalue samoina. Dots/Squares vaihtavat täyttöviivojen määrää portaittain. Lisäys: kuvamuunnoksen oma phase ja per-frame-välimuisti.
image_rasterise	careful	pulse	misreg	Valokuvan värilevyt erkanevat ja osuvat takaisin kohdalleen.	Cell ja kulmat vakiona; neljä kynää jokaiselle ruudulle on työläs. Varsinaiset kohdistusmerkit ovat erilliset ja liikkumattomat.
image_underlay	utility	pipeline		Toimii staattisena kuvaus- tai jäljennysreferenssinä.	Underlay ei piirry vientiin. Sen opacity tai kalibrointikulmien liikuttaminen ei tee plotterianimaatiota.
ink_burst	careful	pulse	reach,curl	Samat mustesäteet hengittävät ulos ja vetäytyvät takaisin.	Pidä Tendrils, Seed ja rakennevalinnat vakiona; fragmenttien katoamiskynnykset voivat räpsyä. Aloita pienellä muutoksella.
ink_relief	utility	pipeline	amount	Kevennä päällekkäisen musteen määrää koko animaatiossa samoilla asetuksilla.	Adaptiivinen Thin-valinta voi vaihdella ruudusta toiseen. Vertaa käsiteltyä sarjaa ilman efektiä ennen pitkää plottausta.
interference	extend	pulse	wl	Aaltokentän aallonpituus hengittää samojen lähteiden ympärillä.	Lisäys: Waves-tilan Phase sekä kiertävät lähteet; Terrain tarvitsee periodisen noise-koordinaatin. Kontuurit voivat yhdistyä ja katketa.
iris	now	pulse	pupil	Pupilli laajenee ja supistuu, kuidut taipuvat sen ympärillä.	Sama Species, Fibres ja Seed. Aloita 250–400 kuidulla ja avoimella pupillilla; tumma pupillitäyttö 48 kertaa kasvattaa työtä.
jitter	careful	pulse	amp	Pysyvä kohinamuoto kasvattaa piirroksen karheutta ja palautuu nollaan.	Seed, Scale ja lähteen näytteistys vakiona. Seed-animaatio on tarkoituksellista boil-efektiä, ei jatkuvaa liikettä.
joinends	utility	pipeline		Vähentää kynännostoja jokaisessa ruudussa.	Samat Gap/Angle-asetukset koko erään. Lähekkäisten päiden pari voi vaihtua; tarkista ettei yhdistin lisää näkyvää välkettä.
julia	careful	cycle	cre,cim	Julia-parametri kulkee pientä suljettua ympyrää kompleksitasossa.	Kaksi 90° vaihe-erolla olevaa LFOa. Zoom, Bands ja Iterations vakiona; topologiamuutokset kuuluvat fractaaliin ja laskenta voi olla raskasta.
kaleidoscope	now	cycle	rot	Kiinteän lähdekuvan sektori kiertyy kaleidoskoopissa.	Sectors vakiona. Voit käyttää yhden sektorin jaksoa vain, jos peilaus ja lähde todella tuottavat saman sauman.
kierto	now	cycle	deg	Mikä tahansa piirros pyörähtää yhden kierroksen.	Käytä Frame rot °. Jätä tilaa kulmille ja lukitse kiertokeskus; symmetrinen kuvio voi näyttää pysähtyvän tai pyörivän väärään suuntaan.
knottube	now	cycle	yaw	Solmu pyörii kolmiulotteisena, etu- ja takapuoli vaihtuvat.	Knot-tyyppi, taajuudet ja säikeiden määrä vakiona. Hidden-line-tuloksen reunat tarkistettava; 48 ruutua ja harva viivoitus ensin.
kolam	careful	pulse	turnSize,round	Sama kolam-solmu hengittää kaarteitaan muuttamatta risteysvalintoja.	Pidä ruudukko, Turns, Strands ja Seed vakiona. Lisäys: merkin eteneminen pitkin yksittäistä suljettua strandia.
lace	careful	pipeline		Valmis pitsiliina pyörii Rotate-nodella tai hengittää Move/Scalella.	Rings, Sectors ja detaljien valinta ovat diskreettejä. Sisäiseen liikkeeseen tarvitaan motiivikohtainen vaihe.
lathe	now	pulse	depth,coreR	Sorvattu muoto pullistuu ja supistuu.	Sheds, Rings ja Shape vakiona. Tilt-keinunta luo kolmiulotteisuutta mutta ei ole täysi 3D-kamerakierto.
lens	now	pulse	strength,cx,cy	Lasimainen pullistuma vaeltaa ruudukossa tai hengittää paikallaan.	Pidä Radius vakiona liikkuvassa linssissä. Suuri Strength voi taittaa viivat ristiin; aloita pienellä liikkeellä.
lettering	now	pulse	depth,dangle	Kirjainten kolmiulotteinen sivu pitenee ja vaihtaa suuntaa.	Text, Font ja täyttötiheys vakiona. Hatch-määrän vaihtelu voi välkkyä; Outline on kevyt koemoodi.
lfo	utility	cycle	t,phase,min,max	Tuottaa hengityksen, kierron osan tai periodisen kohinaliikkeen muille nodeille.	Syötä i/N, ei päätepisteen tuplaavaa i/(N−1)-ramppia. Sine on pehmeä; Triangle kääntyy terävästi, Saw ja Square hyppäävät tarkoituksella.
lichen	extend	pipeline		Jäkäläpinta voidaan hengittää ulkoisella muodonmuutoksella.	Lisäys: pysyvät pesäkkeet ja Growth/Flow phase. Density ja Seed voivat vaihtaa koko laikkajaon.
linezones	careful	pulse	gap	Saman aluejaon viivavälit avautuvat ja sulkeutuvat.	Pidä Zones, Pitch ja Seed vakiona. Phase voi vaikuttaa alueiden viivastojen suhteeseen; sen yksikkö ja periodisuus on erikseen varmistettava.
lissajous	now	cycle	phase	Lissajous-käyrä kiertyy avaruudellisen näköiseksi kuvioksi.	Phase 0–2π, kokonaislukuiset fx/fy, Damp 0 ja kiinteä Turns. Yksi jatkuva polku tekee tästä hyvän ensimmäisen plotteriluupin.
loom	careful	pulse	drape,drift	Kudottu pinta painuu ja suoristuu, tai kudekerrokset liukuvat.	Density ja Seed vakiona. Moiré voi tuottaa voimakasta välkettä; testaa samalla skannauskoolla kuin lopullinen animaatio.
lsystem	careful	pulse	angle	Saman sukupolven oksakulmat avautuvat ja sulkeutuvat.	Preset, Iteration ja Seed vakiona. Auto-fit voi pumpata mittakaavaa; kasvusukupolvien animointi on erillinen diskreetti vaihtoehto.
magnet	now	cycle	px,py	Magneetti kiertää suljettua rataa ja vetää viivakenttää mukanaan.	Kaksi vaiheistettua LFOa koordinaateille, Radius ja Strength vakiona. Erillinen staattinen viitekehys helpottaa liikkeen lukemista.
map_import	careful	pipeline		Karttaan liikkuva suurennuslasi, paljastus tai viivojen aalto.	Pidä tuontiaineisto ja Fit vakiona. Lisää kaupunkikartan liike muunnosketjussa; rakennusten ja teiden data ei itsessään sisällä aikaa.
mask	legacy	pipeline		Vanhan patchin liikkuva maski voi yhä leikata sisältöä.	Piilotettu yhteensopivuusnode. Uudet animaatiot tehdään Containerilla.
matem	utility	pipeline	op,a,b	Muuntaa vaiheen kulmaksi tai liikkeen fyysisiksi millimetreiksi.	Nykyinen täsmäresepti: Frame rot ° → Math A ÷ B, B=36 → Math A ÷ B, B=10 → LFO t. Se antaa i/N-vaiheen ilman tuplattua loppuruutua.
mathknot	now	cycle	rot	Tasoon projisoitu solmu kiertyy paperilla.	Pidä fp/fq ja Tube vakiona; oikean 3D-kameran muutokseen Knot Tube on suorempi. Gap ei ole animaationopeus.
merge	utility	pipeline		Yhdistää liikkuvan kuvan staattisiin taustoihin ja kohdistusmerkkeihin.	Kiinteät taustat joutuu silti piirtämään jokaiselle fyysiselle ruudulle. Pens ja piirtotaso säilytetään koko sarjassa.
mesh	now	pulse	jit	Sama rakenteellinen verkko muuttuu suorasta epäsäännölliseksi ja takaisin.	Rows/Cols, diagonals ja Seed vakiona. Lisää myöhemmin ajallinen noise phase oikeaan virtausliikkeeseen.
meshslice	careful	stepped	slice,rotZ	Poikkileikkaus kulkee kappaleen läpi ja palaa takaisin.	Frames (ANIMATE) tarkoittaa kerrosviipaleita, ei valmista luuppia. Single slice + Slice-ohjaus on portaittainen; jatkuva Z slice position olisi hyvä lisäys.
metaballs	careful	pulse	size,spread	Solumaiset muodot sulautuvat ja erkanevat.	Blobs, Seed ja resoluutio vakiona. Kontuurien topologia vaihtuu luonnostaan; 48 ruutua ja kiinteä kuva-ala.
mini_squares	extend	pipeline		Kiinteä ruutukenttä muuttuu perspektiivissä tai aaltoilee.	Lisäys: olemassa olevien ruutujen Scale phase pysyvillä paikoilla. Cell/Max size/Density muuttaa pakkausta ja viivamäärää.
minicanvas	utility	pipeline		Asettelee valmiit kuvat pienemmiksi yhdelle arkille.	Ei yksin laske eri aikapisteitä. Käytä Frame Grid Animatea automaattiseen 24–48 ruudun keräämiseen.
mirror8	now	pulse	cx,cy	Peiliakseli vaeltaa hitaasti ja symmetria avautuu.	Mode vakiona. Liikkuva peilikeskus voi viedä kopiot paperin ulkopuolelle; lopussa yhteinen Crop ja staattiset merkit.
mm_paper	utility	pipeline		Kevyt muuttumaton ruudukko voi auttaa kuvaamisessa ja kohdistuksen arvioinnissa.	Ei tarvitse piirtää tiheää millimetripaperia joka ruutuun. Useimmiten neljä reunamerkkiä on parempi valmistusapu.
moire_disc	now	pulse	x,angle	Kaksi päällekkäistä Moire Disciä: toinen liikkuu tai kiertyy toisen pysyessä paikallaan.	Rings ei muutu omalla kiertokulmalla; käytä Hatch/Mesh tai siirrä renkaita. Pitch vakiona ja harva koearkki ensin.
mooncraters	careful	pulse	yaw,pitch	Kraatterimaisema kallistuu 3D-näkymässä.	Craters, Size ja Seed vakiona. Kamera- ja reliefiasteikko on pidettävä samana, ettei pinta hengitä vahingossa.
morphlayers	extend	pipeline	layers	Kahden piirroksen välille jo olemassa oleva polkujen morphaus.	Nykyinen Layers on rajattu 12:een ja Sheets käy alusta loppuun, ei takaisin. Lisää jatkuva Phase 0–1, Loop/Ping-pong ja lukittu vastaavuus; älä tee uutta kilpailevaa nodea.
mosaic	careful	pipeline		Pysyvä mosaiikkikuva voidaan paljastaa tai taipua muunnosketjussa.	Liikkuva source-region voi tehdä uudet laatat joka ruudussa. Lisäys: lukittu laatoitus ja laattakohtainen transform-vaihe.
mountains	careful	pulse	height,skew	Vuorijonon korkeus hengittää tai näkymä keinuu sivusuunnassa.	Rows, Scale ja Seed vakiona. Lisäys: aidosti periodinen terrain phase tai kamerasiirto lukitulla heightfieldillä.
move_scale	now	pulse	dx,dy,scale	Yleinen liukuminen, hengitys ja kiertorata mille tahansa piirrokselle.	Origin → Canvas center tai Custom point estää elävän bounding boxin aiheuttaman vaelluksen. Scale Y 0 tarkoittaa X-skaalan seuraamista.
murmuration	now	cycle	time	Lintuparvi lentää suljetun radan ja jokainen lintu säilyttää identiteettinsä.	Time i/N; sisäinen kohina on jo periodinen. 48 ruutua, 60–120 lintua, lyhyet jäljet ja riittävä marginaali ovat hyvä pilotti.
mushroom	now	pulse	yaw,pitch	Sieni näyttää helttojaan kamerakeinunnassa.	Species, Count ja Seed vakiona; gill spacing kannattaa väljentää koetta varten. Automaattisen sovituksen vakaus tarkistetaan.
myceliumfill	now	pulse	width,boost	Sama viivaverkko paksuuntuu elävän kudoksen tavoin.	Strands, verkon topologia ja siemen vakiona. Paksunnos voi lisätä päällekkäistä mustetta solmukohtiin.
myco_net	careful	pipeline		Valmis rihmasto kirjoittuu esiin ja vetäytyy Carvella.	Branching/Length muuttavat algoritmin haarautumista. Lisäys: välimuistiin tallennettu kasvuhistoria ja Reveal, jossa samat haarat säilyvät.
nanotubes	now	cycle	yaw	Hiiliverkko pyörii kolmiulotteisena.	Rakennetyyppi, n ja pituus vakiona. Front half vähentää piirtoa mutta muuttaa näkyviä reunoja; aloita harvasta Fullerene-rakenteesta.
needlepunch	utility	pipeline		Tekee kohdistus- tai valmistusreikiä animaatioarkeille.	Ei suositeltu ensimmäisen animaation päätekniikaksi. Todellinen lävistys vaatii sopivan työkalun ja alustan; SVG ei tee Z-pistoa.
negspace	careful	pipeline	clearance	Liikkuva Shape paljastaa negatiivisen tilan muuttumattomassa Fillissä.	Clearance ja Sample step vakiona; täyttö voi synnyttää paljon lyhyitä polkuja ja kynännostoja.
nested_circles	now	pulse	spread,rotate	Kiekkopari lähestyy ja erkanee, kudottu yli/ali-rakenne vaihtuu.	Count, Radius ja Spacing vakiona. Peittymisen vaihtuminen on osa liikettä; 48 ruutua ja riittävä viivaväli.
net	now	pulse	sag	Kalaverkko painuu ja suoristuu.	Cell, Pattern, Jitter ja Seed vakiona. Hyvä kevyt 24 ruudun hengitys.
network	careful	stepped	iters	Sama verkko selvittää solmunsa ja vetäytyy takaisin.	Nodes, Links ja Seed vakiona. Simulointi on askelittainen; lisäys: lasketun layout-historian jatkuva interpolointi.
numerals	extend	pipeline		Sama numeroteksti liikkuu tai paljastuu.	Value on tekstikenttä, ei suoraan animoitava numeroportti. Lisää numeric input ja numero-/kirjainmorfien vaihe, jos halutaan laskuri.
occlude	utility	pipeline		Piilottaa liikkuvan taustan etualan suljettujen muotojen taakse.	Pidä etu–taka-järjestys tarkoituksellisena. Katselmoi leikkauskohtien vakaus ja lisää kohdistusmerkit vasta tämän jälkeen.
offset	now	pulse	spacing	Piirroksen rinnakkaisviivat leviävät ja palaavat yhteen.	Copies vakiona. Liian suuri offset voi tehdä cusppeja ja siivousrajoja; turvallinen pieni väli ensin.
op_tunnel	careful	pulse	vpx,vpy	Tunnelin pakopiste kiertää pientä ellipsiä.	Sides, Seed ja Glitches vakiona. Lisäys: todellinen Depth phase jatkuvaan sisäänlentoon ilman loppuruudun hyppyä.
orbit_scribble	careful	pulse	radius,spread	Sama kieppuva lankasuttu hengittää.	Strands, Loops ja Seed vakiona. Lisäys: liukuva orbit phase kiinteällä reitin aikavälillä, jolloin liike on kulkemista eikä koko reitin uudelleenmuotoilua.
organicrings	careful	pulse	hole,wav	Rengasmuodon keskus hengittää ja reunat aaltoilevat.	Rings ja yksityiskohtien valinnat vakiona. Jatkossa samaa rengasta pitkin kiertävä bulge phase.
origami	extend	pipeline		Staattinen taitosverkko hengittää Lens- tai Cage Warp -muunnoksella.	Splits on rakennevalinta. Varsinainen taittuminen tarvitsee pysyvän facet-verkon, saranakulmat ja Folding phase -säätimen.
origami_glitch_fold	now	pulse	offset,angle	Taitoslinja kulkee kuvan poikki ja palauttaa sen ennalleen.	Äkillinen peilaus taitteen yli kuuluu efektiin. Pidä pivot vakaana; 48 ruutua tekee taitoksen suunnasta helpommin seurattavan.
outline	now	pulse	width	Sama moniviivapiirros paksuuntuu ja ohenee oikeina ääriviivoina.	Suljetun polun sisä- ja ulkoreunat voivat kohdata suurilla leveyksillä. Halutessa yhdistä Fill, mutta huomioi piirtoaika.
parallel_lines	careful	pulse	relief,fall	Viivojen muodostama latvusto nousee ja laskee.	Spacing, Levels ja Seed vakiona. Lisäys: latvojen yhteinen Wind phase ilman terassijaon uudelleenarvontaa.
patternfill	careful	pulse	angle	Saman alueen hatch-, dash- tai chevron-kuvio keinuu.	Pattern, Spacing ja Seed vakiona. Satunnaisten merkkien uudelleensijoittuminen on tarkistettava; tarvittaessa kiinteä täyttökenttä leikataan animoituun muotoon.
pcbtracks	extend	pipeline		Valmiin piirilevyn jälkiä pitkin etenevät paljastukset.	Lisäys: Trace phase ja Pulse length, joilla signaali kiertää reiteillä. Tracks/Chips/Grid eivät ole pehmeitä aikaparametreja.
pebble	careful	pulse	ry,rx	Mesh-tilan kivi näyttää muotonsa hitaassa kamerakeinunnassa.	Spiral shells -tilaan mieluummin Warp tai Carve. Mode, Eyes ja Turns vakiona; sijoittelu/sovitus on tarkistettava.
pencycle	careful	stepped	group	Väriryhmät vaihtuvat rytmisesti samalla piirroksella.	Groupin muutos muuttaa jakoa, ei siirrä sitä yhdellä askeleella. Lisäys: Palette offset kokonaislukuna; harkitse kynänvaihtojen määrää.
pendulum	careful	pulse	phase	Heilurin lähtövaihe elävöittää samaa piirtojälkeä.	Arms, nopeudet ja kesto vakiona. Couplingin vuoksi yleistä 2π-luuppia ei pidä luvata ilman koetta; pieni edestakainen vaihe on turvallisempi suunnittelupohja.
perfmesh	careful	cycle	ry	Rei'itetty kappale pyörii ja paljastaa takana olevat aukot.	Reikien määrä ja Seed vakiona. Occlusion ja tiheä verkko tekevät tästä 48 ruudun jatkotyön, ei ensimmäistä koearkkia.
persp_hall	careful	pulse	vpx,vpy	Käytävän pakopiste keinuu, jolloin kamera näyttää liikkuvan.	Gap, ledget ja ovet vakiona. Lisäys: suljettu kameran etenemissykli toistuvassa käytävässä.
photo_trace	utility	pipeline		Muodosta valokuvasta mittatarkka lähtömuoto ja animoi sitä jatkoketjussa.	Kalibrointi, kuva ja threshold jäädytetään. Tämä ei ole videoruudun automaattinen segmentointi; kuvaussarjan kohdistus on oma vaiheensa.
phyllo	now	pulse	angle	Kultaisen kulman pieni muutos avaa ja sulkee spiraaliperheitä.	Count ja C vakiona; aloita hyvin pienestä kulmavälistä. Suuri vaihtelu saa uloimmat pisteet liikkumaan nopeasti ja voi näyttää välkkeeltä.
pins	now	pulse	angle,bend	Neulakenttä kallistuu samaan suuntaan kuin tuulessa.	Pins, Chaos ja Seed vakiona. Layoutin satunnaisuus ei saa muuttua ruutujen välillä.
plaid	now	cycle	phase	Useat ruudukot liikkuvat omissa tasoissaan muodostaen vaihtuvan moirén.	Phase 0–1 kiertää kameran 360°; Bob lisää periodisen kallistuksen. Toteutuksessa on jo vaiheesta riippumaton sovitus ja pysyvät viivakohtaiset satunnaisarvot. Grids vakiona.
pleat	careful	pulse	pinch,tilt	Paperimainen nauha puristuu taitteissaan ja aukeaa takaisin.	Lines, preset ja taiterakenne vakiona. Suuret parametrit voivat viedä viivat toistensa yli; 48 ruutua.
pointcloud	now	cycle	yaw	Pistepilvi tai sen kolmiulotteinen verkko pyörii.	Sama pilvi ja Max points. Dot 0 tai lyhyet viivat keventävät plottausta; wire-naapurit kannattaa laskea kerran 3D:ssä.
polkadots	now	pulse	size	Paikoillaan pysyvä pistekenttä hengittää.	Spacing, Layout ja Seed vakiona. Random-sijoittelun mahdollinen riippuvuus Size-parametrista tarkistetaan; Square/Hex ovat selkein pilotti.
polystudio	now	cycle	ry	Monitahokas pyörii, tai Explode avaa ja sulkee sen tahkot.	Shape ja rakenneresoluutio vakiona. Face fill voi olla kallis; aloita None- tai harvalla Hatch-tilalla.
portrait	extend	pipeline		Yhden viivan potrettia paljastetaan Carvella ja palautetaan.	Seed/Detail/Scribble density muuttavat jälkeä, eivät henkilön ilmettä. Lisäys: ajallisesti vakaa scribble phase tai landmark-pohjainen ilmemorfi; sama valokuva ei sisällä hymyliikettä valmiina.
potato	extend	pipeline		Valmis perunamuoto hengittää Lensillä.	Lisäys: pysyvät keskukset ja harmonisten vaiheiden suljettu rata. No overlap -pakkaus voi uusiutua Size/Irregularity-säädöstä.
powerpole	now	pulse	yaw,sag	Sähköpylvään kamera keinuu ja johdot notkuvat.	Pidä Model vakiona ja kaapelien ripustuspisteet samoina. Auto-fit voi muuttaa suhteellista kokoa kameran kääntyessä.
primitive_image	careful	pulse	reveal	Valokuvan geometrinen tulkinta rakentuu ja purkautuu samoista löydetyistä muodoista.	Sama tiedosto, Count, Search, Seed ja paletti; animoi vain Reveal. Uudelleenoptimointi joka ruudulla ei tuota vakaata kuvaa.
radat	now	pulse	wob,drift	Samojen renkaiden reunat hengittävät.	Loops, Gap ja Seed vakiona. Wobble kasvattaa kohinan amplitudia; liikkuva rengasaalto tarvitsisi oman vaiheen.
radial_burst	careful	pulse	waveAmp,innerR	Säteilevä karvasto avaa keskustaansa ja värisee.	Spacing vakiona, sillä uusien säteiden synty muuttaa rakennetta. Lisäys: säteiden pysyvä tunnistus ja wave phase.
randlines	now	pulse	length	Fixed length -tilan viivat kasvavat ja lyhenevät samoissa suunnissa.	Count, Seed ja suuntavalinta vakiona. Free-tila ei käytä Lengthia samaan tapaan; tarkista valittu mode.
raydrape	careful	pulse	angle	Viivasto projisoituu kohteen päälle vaihtuvasta suunnasta.	Osuma voi hypätä pinnalta toiselle tai kadota. Käytä pientä kulmaväliä; ei yleisesti pehmeä morfi.
rayfill	careful	pulse	coreGap	Muodon sisäinen sädeviuhka avaa tyhjän keskustan ja sulkee sen.	Centres, sijaintivalinta ja Seed vakiona. Vaihtuva lähdemuoto voi siirtää centroidia; Shared on vakaampi kiintopiste.
rectcollage	extend	pipeline		Valmis suorakulmiokollaasi voi hajota ja palata Explosion-ketjulla.	Lisäys: Blend original→collage, jossa samat fragmentit interpoloidaan sijoista toisiin. Seed/Piecesin muutos ei ole jatkuva siirtymä.
reedsnow	now	pulse	lean,bend	Ruovikko taipuu edestakaisin.	Count, Seed, Fallen ja Broken vakiona. Lisäys: yksilökohtainen vaiheviive ja tuulirintama vakaisiin korsiin.
regmarks	utility	pipeline		Neljään kulmaan liikkumattomat kohdistusmerkit jokaiseen ruutuun.	Lisää viimeisen deformoinnin/rajauksen jälkeen. Sama kynä, koko ja paikka koko sarjassa; rajaa merkit pois vasta kuva-animaation koostossa.
retromesh	now	pulse	throat,flare	Verkkotunneli hengittää kurkkuaan tai pyörii kameran edessä.	Rings ja Spokes vakiona. Laser floor -tilassa Heightfieldin Seed vakiona; pieni keinunta ennen täyttä kiertoa.
reverse	utility	pipeline		Säilyttää tai muuttaa kynän kulkusuuntaa koko sarjalle samalla tavalla.	Ei muuta staattisen kuvan XY-geometriaa. Brush Z/Fade Out -ketjuissa suunta vaikuttaa jälkeen, joten valinta lukitaan.
ribbon	careful	pulse	twist,width,pocketSize	Organic Pleated -nauha hengittää laskoksia; Channels avaa ja sulkee aukkoja.	Pidä Bends/Flares/Pockets/Lines ja Seed vakiona. Twist ei ole sama kuin ajallinen Phase eikä kokonaislukumuutos sulje liikettä. Lisää erillinen periodinen Fold phase ja lukittu sovitus.
ribbontype	careful	pulse	slant,stretchX	Viivakirjaimet kallistuvat ja venyvät.	Pidä teksti ja filamenttitiheys samana; Width/Gap voi muuttaa säikeiden määrää. Lisäys: glyph-kohtainen vaiheviive.
ripple	extend	pulse	amp	Heijastuksen aaltoilu voimistuu ja tyyntyy.	Lisäys: Ripple phase, jotta aallot myös etenevät. Seed, Breakup ja vedenraja vakiona; todellinen liikkuva vesi tarvitsee enemmän kuin amplitudin vaihtelun.
ripple_chain	careful	pulse	size,drift	Rengashelmien ketju hengittää.	Spacing voi riippua Size-parametrista ja muuttaa helmien lukua. Lisäys: pysyvät ankkurit ja oma ring phase.
river	careful	stepped	steps	Joen meanderi siirtyy simulaatiovaiheiden läpi ja palaa takaisin.	Steps ei takaa luonnollista luuppia. Kiinteä alkutila ja välimuistissa oleva historia; geometrian resamplaus voi lisätä hyppyjä.
roadmap	extend	pipeline		Kartta pysyy paikallaan ja signaali tai paljastus kulkee kaduilla.	Lisäys: reittiverkon matkaparametri. Districts/Spacing/Seed vaihtavat kaupungin rakenteen ja soveltuvat vain tarkoitukselliseen leikkaukseen.
rootveg	extend	pipeline		Valmis vihannesasetelma keinuu; latvat voidaan taivuttaa ulkoisella Warpilla.	Lisäys: pysyvät juurekset ja lehtien Wind phase. Sijoittelualgoritmia ei pidä ajaa uudelleen muuttuvalla koolla.
roundcanvas	now	pulse	distort,ox,oy	Elävä pyöreä ikkuna paljastaa kiinteää viivakuvaa.	Radius, Lobes ja Seed vakiona, jos haluat saman reunan hengittävän. Kohdistusmerkit ulkopuolelle tämän noden jälkeen.
ruler	utility	pipeline		Mittaviivasto tarjoaa staattisen vertailutason liikkuvalle kuvalle.	Spacing-muutoksessa tick- ja numeromäärät vaihtuvat. Liikkuva osoitin tehdään erillisellä Markerilla.
runes	extend	pipeline		Aseeminen teksti paljastuu tai aaltoilee valmiina polkuina.	Lisäys: samaan aakkostoon perustuva Glyph phase / järjestyksen Shift. Seed-vaihto arpoo sekä kirjaimet että tekstin uudelleen.
sand_line_hatch	careful	stepped	density	Sama hiekkamainen skannauskenttä tihenee ja harvenee.	Lines, Grain length ja Seed vakiona; probabilistinen threshold tuottaa diskreettiä välkettä. Pehmeään liikkeeseen tarvitaan jatkuva kenttävaihe.
sand_painting	extend	pulse	wave	Samojen kivien ympärillä olevat hiekkaviivat hengittävät.	Lisäys: Rake phase ja pysyvä kivikenttä. Spacing, kivien määrä ja Seed vakiona; Island rings -tilan topologia voi muuttua.
satunnainen	utility	stepped		Tuottaa pysyvät satunnaiset lähtöarvot.	Ei itsenäinen animaatiokello. Frame # → Seed on kiehumista; käytä Loop noisea pehmeään toistuvaan vaihteluun.
scaffolding	now	pulse	yaw,pitch	Telineen kolmiulotteinen rakenne avautuu kameran keinuessa.	Bays, Lifts, Shape ja Seed vakiona. Tube → Line pienentää ruutukohtaista piirtoa.
scan	extend	pipeline		Staattinen tutkimuskuva paljastuu liikkuvasta skannausikkunasta.	Lisäys: anatomisesti jatkuva Slice depth tai pulse, joka säilyttää saman näytteen. Detail/Seed-vaihto ei vastaa vierekkäisiä leikkaustasoja.
scatter	now	pulse	offset,rot	Samat fragmentit erkanevat ja kokoontuvat.	Suunta, Seed ja lähdegeometria vakiona. Piirroksen muuttuessa myös pätkien identiteetit voivat vaihtua.
scribbletype	careful	pulse	mess,legibility	Kirjoitus hajoaa sutuksi ja muuttuu luettavaksi takaisin.	Text, Alphabet, Loops ja Seed vakiona. Lisäys: jatkuva Scribble phase, joka säilyttää kirjainten tunnistettavuuden.
sdfcontours	careful	pulse	start	Muotojen ympärille muodostuvat halot etääntyvät ja lähestyvät.	Count, Step ja Cell vakiona. Kontuurien yhdistyminen on todellinen topologiamuutos; riittävä ruutumäärä ei poista sitä.
seams	utility	pipeline		Siirtää suljettujen polkujen kynänaloituksia tasaisemman fyysisen jäljen saamiseksi.	Ei varsinaista XY-kuva-animaatiota. Lukitse asetukset koko sarjassa; Overlap voi muuttaa musteen määrää.
setpen	utility	pipeline		Yhtenäistää tai vaihtaa valitun kynäkerroksen ennen sarjan vientiä.	Yhden noden tavallinen väri asetetaan nodessa. Animoitu kynäindeksi on diskreetti paletinvaihto ja kasvattaa manuaalista työtä.
shade	careful	cycle	lx,ly	Valo kiertää suljettua muotoa ja varjo seuraa sitä.	Kaksi vaiheistettua koordinaattia. Levels/Pitch vakiona; viivoituksen kynnys voi välkkyä, joten testaa pienellä varjoalueella.
shan_shui	extend	pipeline		Kiinteä maisema voidaan paljastaa tai kameranäkymää keinuttaa hyvin vähän.	Lisäys: maisemakerrokset pysyvin tunnistein, veneen suljettu rata ja veden phase. Relief/Trees/Seed voi rakentaa kohtauksen uudelleen; ensin erotettava layout ja ajallinen liike.
shaper	utility	pulse	curve,repeat	Muokkaa yhteisen vaiheen nopeutta ja tuottaa pehmeän paluun.	Easing ei korjaa epäsopivia alku/loppuasentoja. Älä lisää loppuruutua kahdesti; pidä Repeat kokonaislukuna.
sheets	utility	pipeline	count	Valitsee yhden valmiiksi kytketyn piirroksen ruuduksi.	Ei animoi saman piirroksen sisäisiä parametreja. Valmiisiin avainkuviin sopiva, mutta Frame Grid Animate on suorempi 24–48 aikapisteeseen.
signature	utility	pipeline	num	Lisää vakiosigneerauksen tai ruutunumeron arkin reunaan.	Numero voi olla Frame # + 1 Math-noden kautta. Sijoita kuvarajauksen ulkopuolelle, jotta numero ei välky lopullisessa animaatiossa.
simplify	utility	pipeline		Kevennä polkujen pisteitä samalla toleranssilla koko sarjassa.	Adaptiivinen pistepoisto voi muuttaa kulmien sijaintia. Pieni kiinteä toleranssi ja esikatselu; älä animoi toleranssia vahingossa.
singlemarker	now	cycle	x,y	Yksi piste kiertää ellipsiä: nopea testi aikakellolle ja arkkien kohdistukselle.	Coord → Canvas mm. DRO on live-konekoordinaatti eikä toistettava ruutulähde.
skew	now	pulse	skx,sky	Teksti tai ruudukko kallistuu edestakaisin.	Origin → Canvas center. Vältä lähelle 90° meneviä sheareja ja pidä paperin rajat vakiona.
skyline	careful	pulse	height	Sama metsän tai kaupungin siluetti hengittää korkeussuunnassa.	Seed ja rakennusten/puuston rakenne vakiona; kerrosmäärä ja Detail eivät ole pehmeitä liikekontrolleja. Parallaksi vaatii kerroskohtaiset offsetit.
sliderule	now	pulse	cursorPos	Laskutikun osoitin liikkuu edestakaisin asteikolla.	Asteikot vakiona. Cursor position voi käyttää logaritmista kartoitusta; katso visuaalinen nopeus eikä pelkästään numeroarvoa.
smear	now	pulse	len,zx,zy	Piirroksen venytysalue avautuu ja sulkeutuu.	Zone ja Mode vakiona per koe. Zone-reunan ylittävä viiva vaihtaa luonnetta äkillisesti; rauhallinen liike ja kiinteä sample-spacing.
smoke	extend	pulse	wind	Savun suunta keinuu, mutta nykyinen Drift ei yksin takaa suljettua ajallista sykliä.	Lisäys: suljettu noise phase ja pysyvät filamentit. Streams ja Seed vakiona; tavoitteena virtauksen eteneminen, ei savun uudelleenarpominen.
smoke_mesh	careful	pulse	folds,twist	Savuhuntu taittuu ja avautuu.	Sheets, Filaments ja Seed vakiona. Twist hengityksenä, ei oletettuna 0–1-aikana. Lisäys: periodinen laskostusphase ja kiinteä kamera.
smooth	utility	pipeline		Tasoittaa samaa liikkuvaa polkua kaikissa ruuduissa.	Radius ja Iterations vakiona. Animoitu Radius voi olla tyyliefekti, mutta poistettavat kulmat voivat muuttua portaittain.
snarl	extend	pipeline		Valmis siimasotku keinuu tai hengittää jälkimuunnoksessa.	Lisäys: pysyvien filamenttien suljettu coil/noise phase. Pienikin integroidun Memory/Mess-kentän muutos voi muuttaa koko reitin.
snowflake	now	pulse	spin	Samat lumihiutaleet keinuvat tai pyörivät.	Rows-layout ja Spin vary pienellä positiivisella välillä keinuttavat samoja hiutaleita eri suuntiin. Count, oksarakenne ja Seed vakiona; Scatter-tilan Spin=0-raja voi vaihtaa satunnaisotoksia. Symmetria voi peittää pyörimisen.
solids	now	cycle	ry	Selkeä kolmiulotteinen kappale pyörii yhden kierroksen.	Kiinteät Size, Perspective ja keskipiste. Kuution harvat särmät tekevät tästä nopean pilotin ja hyvän kohdistustestin.
soundline	careful	pulse	start	Kiinteän äänileikkeen ikkuna liikkuu eteen ja takaisin.	Len vakiona; varmista ettei ikkuna osu tiedoston loppuun. Yksisuuntaiseen saumattomaan vieritykseen tarvitaan audio-wrap ja periodinen lähdeleike.
spiro	now	pulse	d	Spirograafin kynän etäisyys avaa ja sulkee ruusukkeen.	R, r ja Turns vakiona. Vaihtuvat hammasluvut muuttavat käyrän sulkeutumisjaksoa ja voivat tehdä hypyn.
split	utility	pipeline	dx,dy,drot	Haaroittaa lähtögeometrian erillisiksi käsiteltäviksi versioiksi.	Outputs säilyy vakiona; jokainen ulostulo saa oman transform-deltan. Kokonaissarjan aikakeruu tehdään Frame Gridillä.
splitpens	utility	pipeline		Erottelee animaation kynäkerrokset työjärjestystä varten.	Preview on valinta eikä pehmeä animaatioparametri. Monivärisarjassa säilytä kaikkien ruutujen pen ID:t ja kohdistus.
spore_print	careful	pulse	swirl,hole	Heltat kiertyvät ja keskiaukko hengittää.	Primary gills, Gap, Seed ja detaljijakauma vakiona; haarautuvien välilamellien synty voi olla portaittaista.
squiggle	now	pulse	amp	Sama viiva muuttuu suorasta kieppuvaksi ja takaisin.	Period ja Mode vakiona. Etenevä aalto vaatii uuden Phase-parametrin; Amplitude ei kuljeta aaltoa eteenpäin.
stamp	now	pulse	angle,size	Polulle asetetut motiivit pyörivät tai hengittävät paikoillaan.	Spacing ja Seed vakiona. Angle vaikuttaa suhteessa Orientation-tilaan; testaa yksi motiivi ensin.
starchart	careful	pipeline		Kiinteä tähtikartta kiertyy, ja havaintopisteet pysyvät sen mukana.	Hits, Rings ja Seed vakiona. Lisäys: oma Observation phase pysyviin pisteisiin; tuhannet pisteet tekevät pitkän erän.
starfield	extend	pipeline		Kiinteä tähtikenttä liikkuu Rotate- tai View 3D -ketjussa.	Lisäys: pysyvä tähtikohtainen Twinkle ja suljettu parallax-rata. Count/Seed-vaihto hukkaa tähtien identiteetin.
stencil	careful	stepped	region	Ikkuna vaihtaa aluetta rytmisesti, esimerkiksi 6 aluetta 24 ruudussa.	Kokonaislukuinen valinta: sopii leikkausanimaatioon. Pehmeässä liikkeessä animoi yhtä Container-muotoa.
steps	utility	stepped	t	Jakaa luupin tarkoituksellisiksi pysähdyksiksi ja vaihtaa Switch/Stencil-tiloja.	Steps kannattaa valita 24:n tai 48:n jakajaksi. Syötä i/N-vaihe, jotta viimeinen askel ei tuplaa alkua.
stipple	extend	pipeline		Valmis stipple-kuva paljastuu tai muuttaa kokoaan jälkimuunnoksessa.	Dot-size-pakkaus riippuu kuvan tummuudesta; Gamma voi pakata pisteet uudelleen. Lisäys: jäädytetyt pistekeskukset ja animoitu pistetäyttö.
stitchtype	careful	pulse	px	Saman kirjainruudukon merkit kasvavat ja kutistuvat.	Pidä fontti, Cell, teksti ja motif-valinnat samoina. Halo/aura-satunnaisuuden ja viivamäärän vakaus tarkistettava.
stone	extend	pipeline		Kiviasetelma hengittää ulkoisen Lensin kautta.	Lisäys: pysyvät kivet ja liikkuva varjo/valo. Koon muuttaminen voi uusia No overlap -sijoittelun.
stretch	now	pulse	amount	Piirroksen kaista venyy ja palautuu ilman Wave-tyyppistä taittumista.	Band ja pivot vakiona. Varaa tilaa siirtyvälle loppuosalle; staattinen loppurajaus estää paperin ylityksen.
stripediscs	now	pulse	angle	Ympyröiden sisällä oleva viivasto kääntyy muun taustan pysyessä paikallaan.	Samat ympyrät ja Spacing. 24 ruudun pieni kulmaliike on näyttävä mutta tarkista moirén aliasointi.
subway	extend	pipeline		Metrokartalla kulkeva signaali tai linjojen paljastus.	Lisäys: Route phase ja asemakohtaiset pysähdykset. Lines/Grid/Seed vaihtavat kartan, eivät liikuta junaa.
superformula	now	pulse	n1,n2,n3	Sama tähtimuoto vaihtuu pehmeäksi kukaksi ja takaisin.	Pidä m ja Rings vakiona. Pysy positiivisilla maltillisilla eksponenteilla; äärimuodot voivat aiheuttaa teräviä piikkejä.
svgimport	utility	pipeline		Tuo mikä tahansa vektorikuva liikkuvan ketjun lähtöpisteeksi.	Sama tiedosto, Scale ja pen mapping koko erälle. Fontit ja CSS eivät automaattisesti muutu poluiksi.
sweep3d	careful	cycle	phase	Profiilien muodostama kolmiulotteinen nauha kiertää suljettua rataa.	Phase on asteina ja voi kiertää koko 360° jakson myös Helixissä: se kiertää rataa, ei siirrä profiilia sen päätteen yli. Circle/Helix pilotiksi, Line ei reagoi tähän vaiheeseen. Instances vakiona ja matalana.
switch	careful	stepped	sel	Vaihtaa valmiiden avainkuvien välillä rytmisenä leikkauksena.	Select on kokonaislukuinen portti, ei morfi. Käytä Stepsiä; jatkuva siirtymä vaatii Morph Layersin laajennuksen.
symmetry	now	pipeline	cx,cy	Peilikopioiden keskus liikkuu ja muodostaa avautuvan mandalan.	Folds vakiona. Suurin osa näyttävästä liikkeestä kannattaa tehdä lähteeseen ennen symmetriaa.
tangle	now	pulse	strength	Rajattu osa kuvasta sotkeutuu ja palautuu.	Seed, Scale ja zone vakiona. Liikkuva alueraja voi katkoa muodonmuutoksen; kiinteä zone näyttää jatkuvuuden selvimmin.
testcard	utility	pipeline		Yksi koearkki määrittää kynän viivavälin, täyttötiheyden ja luotettavan noston ennen animaatioerää.	Ei tarvitse piirtää joka ruudulle. Mitattu koeruudun aika antaa paremman kokonaisarvion kuin laskennallinen G-code-aika.
textpath	careful	cycle	startPct	Teksti kulkee suljettua viivapolkua pitkin.	Suljettu polku kiertyy automaattisesti. Aseta Align → Start, jotta Start offset 0 ei hyppää Center-asetteluun. Avoimen polun päässä kirjaimet kasaantuvat päätteen kohdalle. Teksti ja tracking vakiona.
tiles	now	pulse	rot,superN	Samat laatat kääntyvät tai muuttuvat ympyrämäisistä kulmikkaiksi.	Columns/Rows, Shape ja Seed vakiona. SuperN vain Superellipse-tilassa; koko kentän yhteinen raja säilyy.
tileshuffle	careful	stepped	amount	Ruutupalat järjestäytyvät uuteen järjestykseen ja palaavat takaisin.	Permutation on diskreetti. Lisäys: alku- ja kohdepaikan interpolointi jokaiselle laatalle, määrätyt väistöreitit ja yhteinen Loop phase.
topolar	now	cycle	start	Teksti tai ruudukko kiertyy renkaina yhteisen keskuksen ympäri.	Turns ja Inner radius vakiona. Start angle 0–360° on kierros; suuri Turns voi lisätä merkittävää piirtojäljen päällekkäisyyttä.
torn	careful	pulse	gape,width	Sama repeämä avautuu ja sulkeutuu.	Fling/Snap-valinnat, Detail ja Seed vakiona. Reunan ylittävä viiva voi vaihtaa käsittelyä diskreetisti; pienempi Gape on selkeämpi.
traceimg	legacy	pipeline		Vanhat trace-patchit voivat toimia animaation lähteenä.	Piilotettu alias. Tee uudet sarjat Image → Contours (trace) -tilalla, lukitse kuva ja ruudukko.
travelsort	utility	pipeline		Lyhentää kynän ilmasiirtoja pitkän sarjan jokaisessa ruudussa.	Ei muuta lopullista viivakuvaa eikä SVG/DXF-geometriaa. Show direction auttaa arvioimaan reittimuutoksen; ei visuaalinen animaatioefekti.
travelstop	utility	pipeline		Aikatauluttaa huoltotauot pitkän plotterisarjan sisällä.	Pidä asetukset valmistusteknisinä. Värien tai taukojen rytmi ei itsessään näy valokuvatuissa ruuduissa.
trimext	now	pulse	ends	Avoimien viivojen päät lyhenevät ja pitenevät.	Lyhyet polut voivat kadota; säädä alue niin, että haluttu jatkuvuus säilyy. Sopii karva- ja nuolikenttiin.
truchet	careful	pulse	scale,round	Kiinteiden laattojen kaaret avautuvat ja pyöristyvät.	Tile, Seed ja Fill vakiona. Mode Loop tarkoittaa geometrisesti yhdistettyä kuviota, ei ajallisesti toistuvaa animaatiota.
truchet_multi	extend	pipeline		Valmis monikokoinen Truchet-kuvio kiertyy tai hengittää jälkimuunnoksessa.	Lisäys: pysyvä subdivisio ja tile-kohtainen turn phase. Subdivision/Seed muuttaa koko rakennetta.
trunks	now	pulse	lean	Samat rungot kallistuvat rauhallisesti.	Count, Width ja Seed vakiona. Lisäys: tuulen vaihe, joka taivuttaa latvaa enemmän kuin tyveä.
tubes	careful	pulse	yaw,radius	Putkinippu kääntyy tai hengittää paksuuttaan.	Tube count, Seed ja Surface density vakiona. Drift ei ole luvattu periodinen aika; piiloviivat voivat vaihtaa topologiaa.
turtle	now	cycle	startAng	Sama turtle-ohjelma piirtyy eri lähtökulmasta yhden kierroksen aikana.	Ohjelma ja Seed vakiona. Tarkista auto-fit; jatkuva tekstiohjelman muutos ei ole numeerinen animaatioportti.
tvnoise	careful	stepped	density	Kohinakuva syttyy ja sammuu samassa soluruudukossa.	Kiehuva Seed-sarja voidaan toistaa täsmälleen, mutta se on tietoisesti välkkyvä. Pehmeisiin häiriökaistoihin tarvitaan Band phase.
typegrating	careful	pulse	tx,ty,slant	Teksti vaeltaa kiinteän viivarasterin sisällä.	Pitch ja mode vakiona; kirjaimen reunan ja rasterin leikkaus aiheuttaa moiréa. Lisää myöhemmin erillinen rasterin liukuva Phase.
typerain	extend	pipeline		Kirjoituskoneen sade voidaan paljastaa liikkuvalla ikkunalla.	Lisäys: Row/Column phase, jossa samat merkkijonot kiertävät vakioruudukossa. Density/Seed-arvonta ei ole putoamisliike.
tyylita	utility	pipeline		Välittää animoidun Stroke-tyylin valmiisiin polkuihin.	Animoitava Phase tulee Stroke-nodesta. Dash-tyyli lisää polkuja ja kynännostoja, mikä näkyy kokonaispiirtoajassa.
videotest	utility	pulse	warp	Staattinen testikuva auttaa arvioimaan kameran/skannauksen geometriaa; Warp voi olla erillinen taide-efekti.	Varsinainen kuvauskalibrointi pidetään liikkumattomana. Zone plate ja tiheä tähtikuvio voivat aliasoitua animaatiossa.
view3d	now	cycle	yaw,roll	Mikä tahansa viivakuva kääntyy kolmiulotteisena tasona tai reliefinä.	Varmista kiinteä kuva-ala ja perspektiivin rajat. Flat-tason täysi Yaw voi näyttää lähes katoavan reunasuunnassa; se on odotettu liike.
viiva	now	cycle	phase	Katkoviivat virtaavat pitkin samoja ääriviivoja.	Dashed-tilan jakso on Dash+Gap millimetreinä, ei 1. Jitter/Variation 0 ensin; mitattava periodi riippuu kuviotyypistä.
vision_chart	utility	pipeline		Staattinen testikuvio tai taiteellinen lähde muun animaation alle.	Ei animaatioon perustuvia näöntarkkuuspäätelmiä. Pseudoisochromatic art -kuvion elävöitys vaatii pysyvän pistejaon.
volcano	now	pulse	height,dip	Tulivuori hengittää korkeuttaan ja kraatterin syvyyttä.	Render, Spacing, flutes ja Seed vakiona. Hidden-line-siirtymät tarkistetaan 48 ruudun esikatselussa.
voronoi	extend	pipeline		Valmis solukartta deformoituu Lens/Cage Warpilla.	Lisäys: pysyvät site-tunnisteet, koordinaattisyöte ja suljetut site-radat. Cells/Seed-vaihto ei säilytä samoja soluja.
warp	now	pulse	tlx,tly,trx,trY	Kuvan kulmat keinuvat niin, että paperi näyttää joustavan.	Pidä kulmapolygonin järjestys ja konveksisuus; muuten perspektiivi voi romahtaa. Grid lattice -tilassa amplitude-hengitys samalla Seedillä.
water	extend	pulse	amp,swell	Veden aallot voimistuvat ja tyyntyvät.	Lisäys: Wave phase ja suljettu swell/noise-vaihe. Lines, Wavelength, Choppiness ja Seed vakiona säilyttävät pintarakenteen.
wave_hatch	extend	pulse	amp,lean	Aaltoilevan viivoituksen kaistat pullistuvat.	Lisäys: kaistojen yhteinen Phase, jotta aalto etenee. Band/Pitch/Seed vakiona, sillä tiheyden vaihto muuttaa viivojen lukumäärää.
whale	extend	pulse	heading	Valas tai mustekala voi kallistua saman sijoittelun sisällä.	Lisäys: Tail/Flipper phase ja mustekalan lonkeroiden vaiheviive. Species/Count/Seed säilytetään, ei tilojen hyppelyä.
windtunnel	careful	pulse	angle	Savuviivat taipuvat pysyvien esteiden ympärillä tuulen suunnan muuttuessa.	Pieni kulmaväli ja samat Lines. Virtauksen separaatio voi muuttaa reittejä; etenevät merkit valmiilla virtaviivoilla olisivat vakaa uusi moodi.
wood	careful	pulse	ecc,wobble	Sama puun syykuvio hengittää epäkeskisyyttä.	Rings, Cracks ja Seed vakiona. Lisäys: periodinen grain phase tai hitaasti kiertävä eccentricity angle.
worm	extend	pipeline		Valmis mato taipuu jälkimuunnoksella.	Lisäys: kehoa pitkin kulkeva gait phase ja jalkaparien viive pysyvälle selkärangalle. Wander/Seed uudelleenmuotoilee koko madon.
woven_ribbon	careful	pulse	spacing,split	Saman kudotun reitin rinnakkaisviivat erkanevat ja palautuvat.	Grid, Steps ja Seed vakiona. Lisäys: kudoksessa etenevä vaihe, ei uuden satunnaisreitin generointi.
zen_garden	extend	pulse	wamp	Hiekkapinnan aalto hengittää samojen kivien ympärillä.	Lisäys: periodinen rake phase kiinteään kenttään. Rings, spacing ja esteet vakiona; yhteinen paperialue.
zigzag	now	cycle	phase	Sini- tai siksakaalto kulkee viivarivien läpi.	Row phase 0–1 lisää jokaiselle riville sen indeksin verran kierroksia; ensimmäinen rivi ei liiku. Tämä ei ole kaikille yhteinen vaihe. Lisää Global phase, jos haluat koko kentän etenevän samalla nopeudella.
zigzag_path	now	cycle	phase	Aalto etenee minkä tahansa valmiin polun päällä.	Phase 0–1 on yksi kierros. Suljetut polut sovittavat aallot kokonaisiksi jaksoiksi. Pidä wavelength ja seed vakiona; Sine on tasaisin aloitus, Coil voi muuttaa reunimmaisten vetojen määrää.
zine	utility	pipeline		24–48 ruudusta voi tehdä pienen animaatiovihkon erillisenä taittoprojektina.	Nykyinen zine on sivujen taittoasemointi, ei automaattinen flipbook-timeline. Ensimmäiseen koesarjaan Frame Grid on helpompi.
group	utility	pipeline		Paketoi Frame/LFO-ohjaimet ja teoksen yhdeksi uudelleenkäytettäväksi animaatiomoduuliksi.	Pidä yksi yhteinen kello ja nimeä nostetut parametrit. Sisäkkäisten frameFan-kerääjien aikakontekstit eivät ole vapaasti pinottavissa.
reititys	legacy	pipeline		Vanha piilotettu reitinoptimointi säilyy patch-yhteensopivuutta varten.	Käytä uusiin töihin Travel Sortia tai vientipaneelin optimointia. Lopullisen kuvan sijasta muuttuu kynän kulkureitti.
